\c employee_tracker_db;

INSERT INTO department(id, name)
VALUES (1, 'Parks and Recreation'),
       (2, 'Police'),
       (3, 'Fire'),
       (4, 'Sewage'),
       (5, 'Library'),
       (6, 'Education'),
       (7, 'Public Works'),
       (8, 'Health'),
       (9, 'City Council');

INSERT INTO role(id, title, salary, department_id)
VALUES (1, 'Director of Parks and Rec', 100000, 1),
        (2, 'Deputy Director of Parks and Rec', 90000, 1),
        (3, 'Chief of Police', 100000, 2),
        (4, 'Fire Chief', 100000, 3),
        (5, 'Director of Sewage', 100000, 4),
        (6, 'Library Director', 100000, 5),
        (7, 'Library Deputy Director', 90000, 5),
        (8, 'Director of Education', 100000, 6),
        (9, 'Public Works Director', 10000, 7),
        (10, 'Health Department Director', 100000, 8),
        (11, 'Director of Animal Control', 100000, 9),
        (12, 'Animal Controll Officer', 10000, 9),
        (13, 'City Planner', 80000, 9),
        (14, 'Park Ranger', 40000, 9),
        (15, 'Administrator', 80000, 1),
        (16, 'Security Guard', 80000, 9),
        (17, 'City Manager', 120000, 9),
        (18, 'Assistant City Manager', 110000, 9),
        (19, 'Permits Security', 80000, 1),
        (20, 'Office Manager', 80000, 9),
        (21, 'City Attorney Assitant', 80000, 9),
        (22, 'Councilman', 80000, 9),
        (23, 'Court Stenographer', 80000, 9),
        (24, 'Head of DMV', 90000, 9),
        (25, 'Police Officer', 80000, 2),
        (26, 'Sanitation Worker', 80000, 4);

INSERT INTO employee(id, first_name, last_name, role_id, manager_id)
VALUES 
        (1, 'Chris', 'Traeger', 18, 1),
        (2, 'Sir Benjamin', 'Wyatt', 18, 2),
        (3, 'Ron', 'Swanson', 1, 3),
        (4, 'Tammy', 'Swanson', 7, 2),
        (5, 'Marlene', 'Griggs-Knope', 8, 2),
        (6, 'Harold', 'Bauer', 9, 2),
        (7, 'Ann', 'Perkins', 10, 2),
        (8, 'April', 'Ludgate', 11, 2),
        (9, 'Brett', 'Burnout', 12, 11),
        (10, 'Mark', 'Brendanawicz', 13, 2),
        (11, 'Carl', 'Lorthner', 14, 2),
        (12, 'Tom', 'Haverford', 15, 4),
        (13, 'Sir Andrew Maxwell', 'Dwyer', 16, 2),
        (14, 'Donna', 'Meagle', 19, 4),
        (15, 'Gerald', 'Gergich', 20, 4),
        (16, 'Garry', 'Gergich', 20, 4),
        (17, 'Jerry', 'Gergich', 20, 4),
        (18, 'Larry', 'Gergich', 20, 4),
        (19, 'Lenny', 'Gergich', 20, 4),
        (20, 'Terry', 'Gergich', 20, 4),
        (21, 'Mailman', 'Gergich', 20, 4),
        (22, 'Kyle', 'Client', 21, 4),
        (23, 'Jeremy', 'Jamm', 22, 4),
        (24, 'Douglass', 'Howser', 22, 4),
        (25, 'Ethel', 'Beavers', 23, 2),
        (26, 'Dawn', 'Krink', 24, 2),
        (27, 'Len', 'Hugeff', 25, 5),
        (28, 'Dewey', 'Burnout', 26, 7),
        (29, 'George', 'Williams', 25, 9),
        (30, 'David', 'Sanderson', 25, 5);